{
    "camera_matrix": [
        [
            884.8273724874639,
            0.0,
            799.6295584705362
        ],
        [
            0.0,
            885.1767011587041,
            629.4148650669811
        ],
        [
            0.0,
            0.0,
            1.0
        ]
    ],
    "distortion_coefficients": [
        [
            -0.12929644739659926,
            0.10725799727412395,
            0.0007273734763770396,
            0.00019715744430630154,
            -7.572649883429352e-05,
            0.16739011134876944,
            0.05384895677604702,
            0.023745741894799045
        ]
    ],
    "serial_number": "692477"
}